domain,url_prefix,name,scope,states_json,geography_json,source_kind,network_group,valid_from,valid_to,observed_at,evidence_url,status,notes,media_cloud_id,permitted_fetch
alabamareflector.com,,Alabama Reflector,state,"[""AL""]",{},news,States Newsroom directory: network OR partner (not an ownership assertion),2026-10-06,,2026-10-06,https://statesnewsroom.com/newsrooms/,reviewed,Current statehouse-coverage directory. One network/partner source per state is NOT a balanced or complete local panel. No historical coverage or district reach asserted.,,0
alaskabeacon.com,,Alaska Beacon,state,"[""AK""]",{},news,States Newsroom directory: network OR partner (not an ownership assertion),2026-10-06,,2026-10-06,https://statesnewsroom.com/newsrooms/,reviewed,Current statehouse-coverage directory. One network/partner source per state is NOT a balanced or complete local panel. No historical coverage or district reach asserted.,,0
azmirror.com,,Arizona Mirror,state,"[""AZ""]",{},news,States Newsroom directory: network OR partner (not an ownership assertion),2026-10-06,,2026-10-06,https://statesnewsroom.com/newsrooms/,reviewed,Current statehouse-coverage directory. One network/partner source per state is NOT a balanced or complete local panel. No historical coverage or district reach asserted.,,0
arkansasadvocate.com,,Arkansas Advocate,state,"[""AR""]",{},news,States Newsroom directory: network OR partner (not an ownership assertion),2026-10-06,,2026-10-06,https://statesnewsroom.com/newsrooms/,reviewed,Current statehouse-coverage directory. One network/partner source per state is NOT a balanced or complete local panel. No historical coverage or district reach asserted.,,0
calmatters.org,,CalMatters,state,"[""CA""]",{},news,States Newsroom directory: network OR partner (not an ownership assertion),2026-10-06,,2026-10-06,https://statesnewsroom.com/newsrooms/,reviewed,Current statehouse-coverage directory. One network/partner source per state is NOT a balanced or complete local panel. No historical coverage or district reach asserted.,,0
coloradonewsline.com,,Colorado Newsline,state,"[""CO""]",{},news,States Newsroom directory: network OR partner (not an ownership assertion),2026-10-06,,2026-10-06,https://statesnewsroom.com/newsrooms/,reviewed,Current statehouse-coverage directory. One network/partner source per state is NOT a balanced or complete local panel. No historical coverage or district reach asserted.,,0
ctmirror.org,,CT Mirror,state,"[""CT""]",{},news,States Newsroom directory: network OR partner (not an ownership assertion),2026-10-06,,2026-10-06,https://statesnewsroom.com/newsrooms/,reviewed,Current statehouse-coverage directory. One network/partner source per state is NOT a balanced or complete local panel. No historical coverage or district reach asserted.,,0
spotlightdelaware.org,,Spotlight Delaware,state,"[""DE""]",{},news,States Newsroom directory: network OR partner (not an ownership assertion),2026-10-06,,2026-10-06,https://statesnewsroom.com/newsrooms/,reviewed,Current statehouse-coverage directory. One network/partner source per state is NOT a balanced or complete local panel. No historical coverage or district reach asserted.,,0
floridaphoenix.com,,Florida Phoenix,state,"[""FL""]",{},news,States Newsroom directory: network OR partner (not an ownership assertion),2026-10-06,,2026-10-06,https://statesnewsroom.com/newsrooms/,reviewed,Current statehouse-coverage directory. One network/partner source per state is NOT a balanced or complete local panel. No historical coverage or district reach asserted.,,0
georgiarecorder.com,,Georgia Recorder,state,"[""GA""]",{},news,States Newsroom directory: network OR partner (not an ownership assertion),2026-10-06,,2026-10-06,https://statesnewsroom.com/newsrooms/,reviewed,Current statehouse-coverage directory. One network/partner source per state is NOT a balanced or complete local panel. No historical coverage or district reach asserted.,,0
civilbeat.org,,Honolulu Civil Beat,state,"[""HI""]",{},news,States Newsroom directory: network OR partner (not an ownership assertion),2026-10-06,,2026-10-06,https://statesnewsroom.com/newsrooms/,reviewed,Current statehouse-coverage directory. One network/partner source per state is NOT a balanced or complete local panel. No historical coverage or district reach asserted.,,0
idahocapitalsun.com,,Idaho Capital Sun,state,"[""ID""]",{},news,States Newsroom directory: network OR partner (not an ownership assertion),2026-10-06,,2026-10-06,https://statesnewsroom.com/newsrooms/,reviewed,Current statehouse-coverage directory. One network/partner source per state is NOT a balanced or complete local panel. No historical coverage or district reach asserted.,,0
capitolnewsillinois.com,,Capitol News Illinois,state,"[""IL""]",{},news,States Newsroom directory: network OR partner (not an ownership assertion),2026-10-06,,2026-10-06,https://statesnewsroom.com/newsrooms/,reviewed,Current statehouse-coverage directory. One network/partner source per state is NOT a balanced or complete local panel. No historical coverage or district reach asserted.,,0
indianacapitalchronicle.com,,Indiana Capital Chronicle,state,"[""IN""]",{},news,States Newsroom directory: network OR partner (not an ownership assertion),2026-10-06,,2026-10-06,https://statesnewsroom.com/newsrooms/,reviewed,Current statehouse-coverage directory. One network/partner source per state is NOT a balanced or complete local panel. No historical coverage or district reach asserted.,,0
iowacapitaldispatch.com,,Iowa Capital Dispatch,state,"[""IA""]",{},news,States Newsroom directory: network OR partner (not an ownership assertion),2026-10-06,,2026-10-06,https://statesnewsroom.com/newsrooms/,reviewed,Current statehouse-coverage directory. One network/partner source per state is NOT a balanced or complete local panel. No historical coverage or district reach asserted.,,0
kansasreflector.com,,Kansas Reflector,state,"[""KS""]",{},news,States Newsroom directory: network OR partner (not an ownership assertion),2026-10-06,,2026-10-06,https://statesnewsroom.com/newsrooms/,reviewed,Current statehouse-coverage directory. One network/partner source per state is NOT a balanced or complete local panel. No historical coverage or district reach asserted.,,0
kentuckylantern.com,,Kentucky Lantern,state,"[""KY""]",{},news,States Newsroom directory: network OR partner (not an ownership assertion),2026-10-06,,2026-10-06,https://statesnewsroom.com/newsrooms/,reviewed,Current statehouse-coverage directory. One network/partner source per state is NOT a balanced or complete local panel. No historical coverage or district reach asserted.,,0
lailluminator.com,,Louisiana Illuminator,state,"[""LA""]",{},news,States Newsroom directory: network OR partner (not an ownership assertion),2026-10-06,,2026-10-06,https://statesnewsroom.com/newsrooms/,reviewed,Current statehouse-coverage directory. One network/partner source per state is NOT a balanced or complete local panel. No historical coverage or district reach asserted.,,0
mainemorningstar.com,,Maine Morning Star,state,"[""ME""]",{},news,States Newsroom directory: network OR partner (not an ownership assertion),2026-10-06,,2026-10-06,https://statesnewsroom.com/newsrooms/,reviewed,Current statehouse-coverage directory. One network/partner source per state is NOT a balanced or complete local panel. No historical coverage or district reach asserted.,,0
marylandmatters.org,,Maryland Matters,state,"[""MD""]",{},news,States Newsroom directory: network OR partner (not an ownership assertion),2026-10-06,,2026-10-06,https://statesnewsroom.com/newsrooms/,reviewed,Current statehouse-coverage directory. One network/partner source per state is NOT a balanced or complete local panel. No historical coverage or district reach asserted.,,0
commonwealthbeacon.org,,Commonwealth Beacon,state,"[""MA""]",{},news,States Newsroom directory: network OR partner (not an ownership assertion),2026-10-06,,2026-10-06,https://statesnewsroom.com/newsrooms/,reviewed,Current statehouse-coverage directory. One network/partner source per state is NOT a balanced or complete local panel. No historical coverage or district reach asserted.,,0
michiganadvance.com,,Michigan Advance,state,"[""MI""]",{},news,States Newsroom directory: network OR partner (not an ownership assertion),2026-10-06,,2026-10-06,https://statesnewsroom.com/newsrooms/,reviewed,Current statehouse-coverage directory. One network/partner source per state is NOT a balanced or complete local panel. No historical coverage or district reach asserted.,,0
minnesotareformer.com,,Minnesota Reformer,state,"[""MN""]",{},news,States Newsroom directory: network OR partner (not an ownership assertion),2026-10-06,,2026-10-06,https://statesnewsroom.com/newsrooms/,reviewed,Current statehouse-coverage directory. One network/partner source per state is NOT a balanced or complete local panel. No historical coverage or district reach asserted.,,0
mississippitoday.org,,Mississippi Today,state,"[""MS""]",{},news,States Newsroom directory: network OR partner (not an ownership assertion),2026-10-06,,2026-10-06,https://statesnewsroom.com/newsrooms/,reviewed,Current statehouse-coverage directory. One network/partner source per state is NOT a balanced or complete local panel. No historical coverage or district reach asserted.,,0
missouriindependent.com,,Missouri Independent,state,"[""MO""]",{},news,States Newsroom directory: network OR partner (not an ownership assertion),2026-10-06,,2026-10-06,https://statesnewsroom.com/newsrooms/,reviewed,Current statehouse-coverage directory. One network/partner source per state is NOT a balanced or complete local panel. No historical coverage or district reach asserted.,,0
dailymontanan.com,,Daily Montanan,state,"[""MT""]",{},news,States Newsroom directory: network OR partner (not an ownership assertion),2026-10-06,,2026-10-06,https://statesnewsroom.com/newsrooms/,reviewed,Current statehouse-coverage directory. One network/partner source per state is NOT a balanced or complete local panel. No historical coverage or district reach asserted.,,0
nebraskaexaminer.com,,Nebraska Examiner,state,"[""NE""]",{},news,States Newsroom directory: network OR partner (not an ownership assertion),2026-10-06,,2026-10-06,https://statesnewsroom.com/newsrooms/,reviewed,Current statehouse-coverage directory. One network/partner source per state is NOT a balanced or complete local panel. No historical coverage or district reach asserted.,,0
nevadacurrent.com,,Nevada Current,state,"[""NV""]",{},news,States Newsroom directory: network OR partner (not an ownership assertion),2026-10-06,,2026-10-06,https://statesnewsroom.com/newsrooms/,reviewed,Current statehouse-coverage directory. One network/partner source per state is NOT a balanced or complete local panel. No historical coverage or district reach asserted.,,0
newhampshirebulletin.com,,New Hampshire Bulletin,state,"[""NH""]",{},news,States Newsroom directory: network OR partner (not an ownership assertion),2026-10-06,,2026-10-06,https://statesnewsroom.com/newsrooms/,reviewed,Current statehouse-coverage directory. One network/partner source per state is NOT a balanced or complete local panel. No historical coverage or district reach asserted.,,0
newjerseymonitor.com,,New Jersey Monitor,state,"[""NJ""]",{},news,States Newsroom directory: network OR partner (not an ownership assertion),2026-10-06,,2026-10-06,https://statesnewsroom.com/newsrooms/,reviewed,Current statehouse-coverage directory. One network/partner source per state is NOT a balanced or complete local panel. No historical coverage or district reach asserted.,,0
sourcenm.com,,Source New Mexico,state,"[""NM""]",{},news,States Newsroom directory: network OR partner (not an ownership assertion),2026-10-06,,2026-10-06,https://statesnewsroom.com/newsrooms/,reviewed,Current statehouse-coverage directory. One network/partner source per state is NOT a balanced or complete local panel. No historical coverage or district reach asserted.,,0
nysfocus.com,,New York Focus,state,"[""NY""]",{},news,States Newsroom directory: network OR partner (not an ownership assertion),2026-10-06,,2026-10-06,https://statesnewsroom.com/newsrooms/,reviewed,Current statehouse-coverage directory. One network/partner source per state is NOT a balanced or complete local panel. No historical coverage or district reach asserted.,,0
ncnewsline.com,,NC Newsline,state,"[""NC""]",{},news,States Newsroom directory: network OR partner (not an ownership assertion),2026-10-06,,2026-10-06,https://statesnewsroom.com/newsrooms/,reviewed,Current statehouse-coverage directory. One network/partner source per state is NOT a balanced or complete local panel. No historical coverage or district reach asserted.,,0
northdakotamonitor.com,,North Dakota Monitor,state,"[""ND""]",{},news,States Newsroom directory: network OR partner (not an ownership assertion),2026-10-06,,2026-10-06,https://statesnewsroom.com/newsrooms/,reviewed,Current statehouse-coverage directory. One network/partner source per state is NOT a balanced or complete local panel. No historical coverage or district reach asserted.,,0
ohiocapitaljournal.com,,Ohio Capital Journal,state,"[""OH""]",{},news,States Newsroom directory: network OR partner (not an ownership assertion),2026-10-06,,2026-10-06,https://statesnewsroom.com/newsrooms/,reviewed,Current statehouse-coverage directory. One network/partner source per state is NOT a balanced or complete local panel. No historical coverage or district reach asserted.,,0
oklahomavoice.com,,Oklahoma Voice,state,"[""OK""]",{},news,States Newsroom directory: network OR partner (not an ownership assertion),2026-10-06,,2026-10-06,https://statesnewsroom.com/newsrooms/,reviewed,Current statehouse-coverage directory. One network/partner source per state is NOT a balanced or complete local panel. No historical coverage or district reach asserted.,,0
oregoncapitalchronicle.com,,Oregon Capital Chronicle,state,"[""OR""]",{},news,States Newsroom directory: network OR partner (not an ownership assertion),2026-10-06,,2026-10-06,https://statesnewsroom.com/newsrooms/,reviewed,Current statehouse-coverage directory. One network/partner source per state is NOT a balanced or complete local panel. No historical coverage or district reach asserted.,,0
penncapital-star.com,,Pennsylvania Capital-Star,state,"[""PA""]",{},news,States Newsroom directory: network OR partner (not an ownership assertion),2026-10-06,,2026-10-06,https://statesnewsroom.com/newsrooms/,reviewed,Current statehouse-coverage directory. One network/partner source per state is NOT a balanced or complete local panel. No historical coverage or district reach asserted.,,0
rhodeislandcurrent.com,,Rhode Island Current,state,"[""RI""]",{},news,States Newsroom directory: network OR partner (not an ownership assertion),2026-10-06,,2026-10-06,https://statesnewsroom.com/newsrooms/,reviewed,Current statehouse-coverage directory. One network/partner source per state is NOT a balanced or complete local panel. No historical coverage or district reach asserted.,,0
scdailygazette.com,,South Carolina Daily Gazette,state,"[""SC""]",{},news,States Newsroom directory: network OR partner (not an ownership assertion),2026-10-06,,2026-10-06,https://statesnewsroom.com/newsrooms/,reviewed,Current statehouse-coverage directory. One network/partner source per state is NOT a balanced or complete local panel. No historical coverage or district reach asserted.,,0
southdakotasearchlight.com,,South Dakota Searchlight,state,"[""SD""]",{},news,States Newsroom directory: network OR partner (not an ownership assertion),2026-10-06,,2026-10-06,https://statesnewsroom.com/newsrooms/,reviewed,Current statehouse-coverage directory. One network/partner source per state is NOT a balanced or complete local panel. No historical coverage or district reach asserted.,,0
tennesseelookout.com,,Tennessee Lookout,state,"[""TN""]",{},news,States Newsroom directory: network OR partner (not an ownership assertion),2026-10-06,,2026-10-06,https://statesnewsroom.com/newsrooms/,reviewed,Current statehouse-coverage directory. One network/partner source per state is NOT a balanced or complete local panel. No historical coverage or district reach asserted.,,0
texastribune.org,,The Texas Tribune,state,"[""TX""]",{},news,States Newsroom directory: network OR partner (not an ownership assertion),2026-10-06,,2026-10-06,https://statesnewsroom.com/newsrooms/,reviewed,Current statehouse-coverage directory. One network/partner source per state is NOT a balanced or complete local panel. No historical coverage or district reach asserted.,,0
utahnewsdispatch.com,,Utah News Dispatch,state,"[""UT""]",{},news,States Newsroom directory: network OR partner (not an ownership assertion),2026-10-06,,2026-10-06,https://statesnewsroom.com/newsrooms/,reviewed,Current statehouse-coverage directory. One network/partner source per state is NOT a balanced or complete local panel. No historical coverage or district reach asserted.,,0
vtdigger.org,,VT Digger,state,"[""VT""]",{},news,States Newsroom directory: network OR partner (not an ownership assertion),2026-10-06,,2026-10-06,https://statesnewsroom.com/newsrooms/,reviewed,Current statehouse-coverage directory. One network/partner source per state is NOT a balanced or complete local panel. No historical coverage or district reach asserted.,,0
virginiamercury.com,,Virginia Mercury,state,"[""VA""]",{},news,States Newsroom directory: network OR partner (not an ownership assertion),2026-10-06,,2026-10-06,https://statesnewsroom.com/newsrooms/,reviewed,Current statehouse-coverage directory. One network/partner source per state is NOT a balanced or complete local panel. No historical coverage or district reach asserted.,,0
washingtonstatestandard.com,,Washington State Standard,state,"[""WA""]",{},news,States Newsroom directory: network OR partner (not an ownership assertion),2026-10-06,,2026-10-06,https://statesnewsroom.com/newsrooms/,reviewed,Current statehouse-coverage directory. One network/partner source per state is NOT a balanced or complete local panel. No historical coverage or district reach asserted.,,0
westvirginiawatch.com,,West Virginia Watch,state,"[""WV""]",{},news,States Newsroom directory: network OR partner (not an ownership assertion),2026-10-06,,2026-10-06,https://statesnewsroom.com/newsrooms/,reviewed,Current statehouse-coverage directory. One network/partner source per state is NOT a balanced or complete local panel. No historical coverage or district reach asserted.,,0
wisconsinexaminer.com,,Wisconsin Examiner,state,"[""WI""]",{},news,States Newsroom directory: network OR partner (not an ownership assertion),2026-10-06,,2026-10-06,https://statesnewsroom.com/newsrooms/,reviewed,Current statehouse-coverage directory. One network/partner source per state is NOT a balanced or complete local panel. No historical coverage or district reach asserted.,,0
wyofile.com,,WyoFile,state,"[""WY""]",{},news,States Newsroom directory: network OR partner (not an ownership assertion),2026-10-06,,2026-10-06,https://statesnewsroom.com/newsrooms/,reviewed,Current statehouse-coverage directory. One network/partner source per state is NOT a balanced or complete local panel. No historical coverage or district reach asserted.,,0
apnews.com,,Associated Press,national,[],{},wire,,2026-10-06,,2026-10-06,https://www.allsides.com/news-source/associated-press-media-bias,reviewed,Starter research scope classification for national U.S. political coverage; no audience reach or historical completeness inferred.,,0
reuters.com,,Reuters,national,[],{},wire,,2026-10-06,,2026-10-06,https://www.allsides.com/news-source/reuters-media-bias,reviewed,Starter research scope classification for national U.S. political coverage; no audience reach or historical completeness inferred.,,0
foxnews.com,,Fox News Digital,national,[],{},news,,2026-10-06,,2026-10-06,https://www.allsides.com/news-source/fox-news-media-bias,reviewed,Starter research scope classification for national U.S. political coverage; no audience reach or historical completeness inferred.,,0
cnn.com,,CNN Digital,national,[],{},news,,2026-10-06,,2026-10-06,https://www.allsides.com/media-bias/ratings/,reviewed,Starter research scope classification for national U.S. political coverage; no audience reach or historical completeness inferred.,,0
nytimes.com,,New York Times,national,[],{},news,,2026-10-06,,2026-10-06,https://www.allsides.com/media-bias/ratings/,reviewed,Starter research scope classification for national U.S. political coverage; no audience reach or historical completeness inferred.,,0
wsj.com,,Wall Street Journal,national,[],{},news,,2026-10-06,,2026-10-06,https://www.allsides.com/media-bias/ratings/,reviewed,Starter research scope classification for national U.S. political coverage; no audience reach or historical completeness inferred.,,0
npr.org,,NPR,national,[],{},news,,2026-10-06,,2026-10-06,https://www.allsides.com/media-bias/ratings/,reviewed,Starter research scope classification for national U.S. political coverage; no audience reach or historical completeness inferred.,,0
thehill.com,,The Hill,national,[],{},news,,2026-10-06,,2026-10-06,https://www.allsides.com/media-bias/ratings/,reviewed,Starter research scope classification for national U.S. political coverage; no audience reach or historical completeness inferred.,,0
politico.com,,Politico,national,[],{},news,,2026-10-06,,2026-10-06,https://www.allsides.com/media-bias/ratings/,reviewed,Starter research scope classification for national U.S. political coverage; no audience reach or historical completeness inferred.,,0
washingtonexaminer.com,,Washington Examiner,national,[],{},news,,2026-10-06,,2026-10-06,https://www.allsides.com/media-bias/ratings/,reviewed,Starter research scope classification for national U.S. political coverage; no audience reach or historical completeness inferred.,,0
nationalreview.com,,National Review,national,[],{},opinion,,2026-10-06,,2026-10-06,https://www.allsides.com/media-bias/ratings/,reviewed,Starter research scope classification for national U.S. political coverage; no audience reach or historical completeness inferred.,,0
stateline.org,,Stateline,national,[],{},news,,2026-10-06,,2026-10-06,https://statesnewsroom.com/newsrooms/,reviewed,Starter research scope classification for national U.S. political coverage; no audience reach or historical completeness inferred.,,0
detroitnews.com,,Detroit News,metro,"[""MI""]","{""metro"":""Detroit"",""district_mapping_verified"":false}",news,,2026-10-06,,2026-10-06,https://www.allsides.com/news-source/detroit-news-media-bias,reviewed,Metro source routed to Michigan discovery; readership by congressional district not inferred.,,0
